DROP DATABASE IF EXISTS vk;
CREATE DATABASE vk;
USE vk;

-- Generation time: Fri, 22 Nov 2019 20:00:45 +0000
-- Host: mysql.hostinger.ro
-- DB name: u574849695_21
/*!40030 SET NAMES UTF8 */;
/*!40101 SET @OLD_CHARACTER_SET_CLIENT=@@CHARACTER_SET_CLIENT */;
/*!40101 SET @OLD_CHARACTER_SET_RESULTS=@@CHARACTER_SET_RESULTS */;
/*!40101 SET @OLD_COLLATION_CONNECTION=@@COLLATION_CONNECTION */;
/*!40103 SET @OLD_TIME_ZONE=@@TIME_ZONE */;
/*!40103 SET TIME_ZONE='+00:00' */;
/*!40014 SET @OLD_UNIQUE_CHECKS=@@UNIQUE_CHECKS, UNIQUE_CHECKS=0 */;
/*!40014 SET @OLD_FOREIGN_KEY_CHECKS=@@FOREIGN_KEY_CHECKS, FOREIGN_KEY_CHECKS=0 */;
/*!40101 SET @OLD_SQL_MODE=@@SQL_MODE, SQL_MODE='NO_AUTO_VALUE_ON_ZERO' */;
/*!40111 SET @OLD_SQL_NOTES=@@SQL_NOTES, SQL_NOTES=0 */;

DROP TABLE IF EXISTS `communities`;
CREATE TABLE `communities` (
  `id` bigint(20) unsigned NOT NULL AUTO_INCREMENT,
  `name` varchar(150) COLLATE utf8_unicode_ci DEFAULT NULL,
  PRIMARY KEY (`id`),
  KEY `communities_name_idx` (`name`)
) ENGINE=InnoDB AUTO_INCREMENT=101 DEFAULT CHARSET=utf8 COLLATE=utf8_unicode_ci;

INSERT INTO `communities` VALUES ('60','a'),
('49','accusamus'),
('46','aliquid'),
('22','amet'),
('74','aperiam'),
('25','atque'),
('47','autem'),
('69','blanditiis'),
('71','corporis'),
('70','cum'),
('82','cumque'),
('83','distinctio'),
('80','dolore'),
('28','dolorem'),
('96','dolorem'),
('90','dolorum'),
('10','ducimus'),
('91','ea'),
('5','eaque'),
('18','eaque'),
('1','eius'),
('77','enim'),
('87','enim'),
('63','eos'),
('51','esse'),
('4','est'),
('35','est'),
('50','est'),
('30','et'),
('33','et'),
('36','et'),
('45','et'),
('58','et'),
('98','et'),
('84','ex'),
('73','facere'),
('12','fugiat'),
('66','fugiat'),
('67','fugiat'),
('68','fugiat'),
('23','fugit'),
('17','in'),
('93','in'),
('26','incidunt'),
('62','ipsa'),
('86','ipsum'),
('27','labore'),
('9','laborum'),
('52','magnam'),
('54','magnam'),
('2','maiores'),
('39','necessitatibus'),
('72','necessitatibus'),
('75','neque'),
('94','nihil'),
('85','nisi'),
('6','non'),
('97','non'),
('55','optio'),
('7','pariatur'),
('92','perspiciatis'),
('56','possimus'),
('31','quasi'),
('40','quasi'),
('21','qui'),
('42','qui'),
('48','qui'),
('57','qui'),
('78','qui'),
('37','quia'),
('3','quibusdam'),
('44','quibusdam'),
('76','quibusdam'),
('11','quidem'),
('53','quidem'),
('59','quisquam'),
('15','quod'),
('29','quos'),
('19','reiciendis'),
('8','rem'),
('100','repudiandae'),
('61','saepe'),
('95','sapiente'),
('20','sit'),
('24','sit'),
('34','sit'),
('43','temporibus'),
('38','ut'),
('64','ut'),
('79','ut'),
('14','vel'),
('81','veritatis'),
('65','vero'),
('99','voluptas'),
('89','voluptate'),
('13','voluptatem'),
('16','voluptatem'),
('32','voluptatem'),
('41','voluptatem'),
('88','voluptatum'); 


DROP TABLE IF EXISTS `friend_requests`;
CREATE TABLE `friend_requests` (
  `initiator_user_id` bigint(20) unsigned NOT NULL,
  `target_user_id` bigint(20) unsigned NOT NULL,
  `status` enum('requested','approved','unfriended','declined') COLLATE utf8_unicode_ci DEFAULT NULL,
  `requested_at` datetime DEFAULT current_timestamp(),
  `confirmed_at` datetime DEFAULT NULL,
  PRIMARY KEY (`initiator_user_id`,`target_user_id`),
  KEY `initiator_user_id` (`initiator_user_id`),
  KEY `target_user_id` (`target_user_id`),
  CONSTRAINT `friend_requests_ibfk_1` FOREIGN KEY (`initiator_user_id`) REFERENCES `users` (`id`),
  CONSTRAINT `friend_requests_ibfk_2` FOREIGN KEY (`target_user_id`) REFERENCES `users` (`id`)
) ENGINE=InnoDB DEFAULT CHARSET=utf8 COLLATE=utf8_unicode_ci;

INSERT INTO `friend_requests` VALUES ('1','1','unfriended','2003-04-29 02:03:42','1975-10-10 22:02:10'),
('2','2','unfriended','1978-07-03 22:54:36','1977-03-27 06:12:52'),
('3','3','requested','1997-10-29 02:39:44','1989-11-29 10:55:26'),
('4','4','approved','1979-04-18 20:22:02','2016-06-27 13:54:30'),
('5','5','approved','1985-12-26 06:44:48','1974-12-22 02:28:47'),
('6','6','requested','1971-11-25 22:04:55','2009-09-23 20:20:32'),
('7','7','unfriended','2003-08-31 21:42:45','2006-01-31 05:51:37'),
('8','8','approved','1972-07-20 23:48:37','2015-02-20 09:38:05'),
('9','9','requested','2014-11-10 21:11:30','1997-06-20 15:27:00'),
('10','10','declined','1990-09-03 19:18:25','1986-09-10 13:07:14'),
('11','11','approved','2001-03-06 00:46:45','1998-07-30 02:22:10'),
('12','12','unfriended','1976-10-10 22:42:45','2003-01-18 16:54:40'),
('13','13','approved','2004-03-01 12:09:41','1972-08-19 07:16:47'),
('14','14','unfriended','2003-07-14 13:11:59','2008-02-10 04:47:24'),
('15','15','requested','2002-03-07 19:45:25','1985-09-03 04:20:37'),
('16','16','requested','1997-11-12 04:08:56','1982-11-15 12:48:48'),
('17','17','approved','1994-03-07 04:08:01','1978-04-11 00:21:30'),
('18','18','approved','1983-02-12 07:03:35','1981-08-18 12:16:30'),
('19','19','requested','1976-09-18 07:22:48','1997-03-26 16:19:46'),
('20','20','unfriended','1979-06-21 11:16:47','1971-03-02 11:12:10'),
('21','21','declined','2006-10-23 14:09:10','2003-08-09 00:59:50'),
('22','22','unfriended','2006-01-08 15:31:26','1993-08-06 13:48:37'),
('23','23','declined','1973-10-27 19:23:09','1989-07-31 07:19:39'),
('24','24','approved','2014-01-06 04:30:19','1992-09-03 05:20:01'),
('25','25','approved','1979-03-07 07:38:38','2000-05-24 23:14:43'),
('26','26','unfriended','1976-03-15 02:25:00','1998-09-10 16:03:00'),
('27','27','unfriended','1974-11-04 20:03:10','2005-10-04 07:39:47'),
('28','28','approved','2000-02-03 14:00:43','2002-11-03 20:11:57'),
('29','29','declined','1988-04-27 21:45:09','1996-12-12 10:18:30'),
('30','30','approved','2000-05-11 04:06:09','2017-08-14 19:07:00'),
('31','31','requested','2003-05-07 08:40:27','1970-06-24 23:28:13'),
('32','32','requested','2016-05-01 02:23:51','1988-12-20 16:20:00'),
('33','33','unfriended','1970-03-04 18:32:31','1999-08-19 15:07:46'),
('34','34','approved','2011-02-03 06:31:43','2014-08-20 23:34:41'),
('35','35','requested','1999-09-16 18:05:59','1996-03-03 22:42:22'),
('36','36','declined','1976-08-18 05:26:23','1970-10-05 04:10:19'),
('37','37','unfriended','1985-06-22 03:26:11','1973-06-22 05:58:08'),
('38','38','approved','2009-10-22 06:18:56','1971-12-19 10:31:54'),
('39','39','approved','2009-06-11 17:53:19','2018-07-13 22:58:01'),
('40','40','unfriended','1998-10-21 18:29:49','1996-12-13 10:39:32'),
('41','41','approved','2014-12-05 22:16:12','2005-03-24 02:12:50'),
('42','42','approved','2008-07-25 06:32:01','1989-04-01 03:33:30'),
('43','43','unfriended','1971-04-04 02:37:30','1983-05-01 04:44:24'),
('44','44','approved','1988-05-01 01:59:11','2008-09-14 07:04:06'),
('45','45','approved','1998-11-10 23:27:03','1990-12-16 10:34:19'),
('46','46','unfriended','1974-02-11 22:56:30','1992-06-17 08:36:25'),
('47','47','declined','2002-10-19 02:08:12','1983-02-25 12:14:47'),
('48','48','declined','1974-11-12 18:59:06','1970-07-30 06:51:36'),
('49','49','requested','1982-05-28 02:57:25','1982-02-23 10:50:44'),
('50','50','unfriended','2012-05-01 14:33:43','1993-05-30 21:32:38'),
('51','51','unfriended','1997-06-11 12:26:59','1993-07-23 15:22:25'),
('52','52','requested','2006-02-16 01:57:04','1979-06-07 16:08:02'),
('53','53','unfriended','2010-06-03 17:46:52','1974-05-31 15:30:13'),
('54','54','approved','1998-12-13 13:17:33','1978-05-20 10:27:53'),
('55','55','requested','2011-06-03 17:56:40','1970-08-17 09:41:12'),
('56','56','approved','1994-08-12 11:25:43','2019-06-17 22:38:01'),
('57','57','approved','2006-11-17 05:27:22','2013-12-06 18:04:20'),
('58','58','declined','1974-12-23 03:08:18','1999-03-15 11:14:07'),
('59','59','approved','2003-09-28 05:57:10','1999-01-18 23:15:02'),
('60','60','approved','1998-12-23 00:58:38','1978-12-28 01:55:22'),
('61','61','unfriended','1989-07-01 01:17:37','1997-04-14 15:07:00'),
('62','62','requested','1990-10-25 21:21:37','1988-01-24 14:01:33'),
('63','63','approved','1974-12-23 17:36:02','2009-06-21 15:07:01'),
('64','64','approved','1971-01-27 08:11:56','1974-05-25 03:40:59'),
('65','65','approved','2008-12-18 06:33:34','2018-02-21 05:50:28'),
('66','66','declined','1982-06-07 02:27:34','1984-01-25 02:53:36'),
('67','67','approved','1982-06-08 17:21:26','1970-07-13 23:53:23'),
('68','68','unfriended','2004-03-05 21:57:20','2004-10-18 12:24:43'),
('69','69','approved','1974-03-19 01:44:48','2011-08-11 17:06:56'),
('70','70','requested','1980-02-17 11:27:39','2005-05-03 05:03:41'),
('71','71','requested','2016-05-07 10:03:55','2012-10-26 11:30:16'),
('72','72','unfriended','2006-03-30 07:08:47','2003-07-01 15:32:51'),
('73','73','declined','1998-04-18 06:37:04','1987-08-06 00:23:13'),
('74','74','declined','1987-06-11 22:09:23','1990-07-21 05:20:19'),
('75','75','approved','2016-05-09 16:40:00','2006-01-19 17:59:14'),
('76','76','requested','1989-02-03 14:50:51','2019-10-08 19:05:47'),
('77','77','declined','1989-10-26 07:35:28','1970-06-18 03:27:28'),
('78','78','declined','1991-06-05 00:37:32','2011-10-16 19:04:23'),
('79','79','approved','1973-04-16 11:00:27','2005-01-24 03:25:44'),
('80','80','approved','2009-04-14 21:46:43','1970-10-31 08:37:39'),
('81','81','requested','1984-04-15 15:59:43','1982-02-16 06:10:26'),
('82','82','requested','1986-08-12 15:57:48','2002-03-29 12:04:29'),
('83','83','declined','2011-10-31 09:58:18','1998-05-17 04:13:30'),
('84','84','declined','2014-04-06 01:45:10','2004-09-13 11:28:35'),
('85','85','approved','1989-07-07 07:52:36','1999-12-30 11:23:44'),
('86','86','declined','1999-10-28 13:21:36','2009-12-27 00:05:06'),
('87','87','declined','2015-07-22 18:14:27','1973-12-31 06:52:32'),
('88','88','approved','1989-07-22 17:14:41','2018-12-30 13:59:57'),
('89','89','requested','2001-03-10 12:31:14','2014-12-21 04:12:28'),
('90','90','declined','2019-04-17 10:01:03','1975-05-24 10:49:06'),
('91','91','approved','1997-01-11 04:08:07','1976-07-12 12:10:06'),
('92','92','unfriended','2014-01-05 02:12:14','1972-11-16 11:21:54'),
('93','93','requested','1980-02-04 13:39:11','1985-07-28 14:25:22'),
('94','94','declined','1996-10-25 23:28:03','2002-12-12 22:31:41'),
('95','95','declined','1992-02-15 22:13:57','2013-09-17 02:29:26'),
('96','96','declined','1972-11-25 21:06:32','1982-11-10 02:16:25'),
('97','97','declined','2007-02-22 10:05:47','1987-02-13 15:46:25'),
('98','98','requested','1988-01-24 02:47:43','1994-02-24 03:47:52'),
('99','99','unfriended','1987-08-26 12:50:02','1978-11-03 01:51:06'),
('100','100','approved','2004-10-04 15:10:31','1973-02-08 08:23:59'); 


DROP TABLE IF EXISTS `likes`;
CREATE TABLE `likes` (
  `id` bigint(20) unsigned NOT NULL AUTO_INCREMENT,
  `user_id` bigint(20) unsigned NOT NULL,
  `media_id` bigint(20) unsigned NOT NULL,
  `created_at` datetime DEFAULT current_timestamp(),
  PRIMARY KEY (`id`)
) ENGINE=InnoDB AUTO_INCREMENT=101 DEFAULT CHARSET=utf8 COLLATE=utf8_unicode_ci;

INSERT INTO `likes` VALUES ('1','1','1','1970-02-12 20:54:44'),
('2','2','2','1996-07-03 04:23:25'),
('3','3','3','1984-04-18 15:59:09'),
('4','4','4','2018-05-26 05:03:27'),
('5','5','5','1991-12-29 19:32:26'),
('6','6','6','1970-01-30 13:30:06'),
('7','7','7','1989-10-15 10:52:28'),
('8','8','8','2005-10-30 08:15:26'),
('9','9','9','1992-01-03 12:37:26'),
('10','10','10','1973-10-01 06:18:17'),
('11','11','11','1994-09-01 17:50:18'),
('12','12','12','2000-03-26 10:21:08'),
('13','13','13','1990-09-03 14:48:11'),
('14','14','14','1993-03-23 12:59:00'),
('15','15','15','1982-07-07 19:30:04'),
('16','16','16','1979-10-25 20:31:16'),
('17','17','17','1975-03-01 19:52:49'),
('18','18','18','1991-02-01 10:56:55'),
('19','19','19','2001-12-09 23:55:09'),
('20','20','20','1990-11-02 00:53:26'),
('21','21','21','2004-12-19 14:17:23'),
('22','22','22','1990-06-04 14:16:47'),
('23','23','23','2007-11-25 06:11:59'),
('24','24','24','2001-06-10 15:15:26'),
('25','25','25','1975-10-16 13:30:36'),
('26','26','26','1983-04-02 02:58:39'),
('27','27','27','2017-05-03 10:27:49'),
('28','28','28','2002-03-17 19:40:27'),
('29','29','29','2003-03-09 04:54:57'),
('30','30','30','2012-04-16 06:15:56'),
('31','31','31','1992-07-31 19:06:37'),
('32','32','32','1995-09-04 17:51:29'),
('33','33','33','1987-06-21 23:45:04'),
('34','34','34','2017-06-29 14:12:28'),
('35','35','35','2017-06-22 06:11:27'),
('36','36','36','2005-07-04 18:39:13'),
('37','37','37','1993-03-31 05:56:12'),
('38','38','38','1988-05-16 20:39:53'),
('39','39','39','2005-03-23 23:06:14'),
('40','40','40','1997-05-15 00:36:40'),
('41','41','41','2016-08-01 03:58:18'),
('42','42','42','1978-05-23 12:39:56'),
('43','43','43','2012-09-08 23:37:08'),
('44','44','44','1984-04-17 02:23:26'),
('45','45','45','1976-08-21 14:24:06'),
('46','46','46','2018-07-15 23:10:44'),
('47','47','47','1976-05-06 20:25:39'),
('48','48','48','1997-10-22 03:19:45'),
('49','49','49','1980-01-09 07:58:09'),
('50','50','50','2019-09-05 08:25:07'),
('51','51','51','1987-03-27 19:50:59'),
('52','52','52','2005-02-22 15:27:35'),
('53','53','53','1981-07-17 10:44:20'),
('54','54','54','1972-09-24 20:07:55'),
('55','55','55','1997-02-01 01:10:31'),
('56','56','56','2019-07-16 09:11:23'),
('57','57','57','1994-07-21 00:37:53'),
('58','58','58','1990-09-22 17:16:48'),
('59','59','59','2010-06-28 02:13:34'),
('60','60','60','1979-05-13 22:22:05'),
('61','61','61','2013-11-07 08:50:04'),
('62','62','62','1990-09-28 06:39:10'),
('63','63','63','1990-07-26 15:33:09'),
('64','64','64','1970-01-25 00:24:36'),
('65','65','65','2001-05-13 11:13:34'),
('66','66','66','2016-05-25 20:15:42'),
('67','67','67','1981-07-22 22:55:06'),
('68','68','68','1981-01-05 13:23:56'),
('69','69','69','1989-01-01 10:14:46'),
('70','70','70','1992-01-14 17:08:34'),
('71','71','71','2012-01-10 23:35:47'),
('72','72','72','1999-01-17 21:39:50'),
('73','73','73','1982-09-28 13:42:16'),
('74','74','74','2001-02-08 22:46:27'),
('75','75','75','1996-05-26 08:19:02'),
('76','76','76','1989-11-26 21:00:32'),
('77','77','77','1971-10-12 02:23:59'),
('78','78','78','2001-06-28 08:05:53'),
('79','79','79','1985-01-31 15:34:37'),
('80','80','80','1992-10-21 13:46:08'),
('81','81','81','2010-01-20 15:58:11'),
('82','82','82','1995-04-22 23:54:35'),
('83','83','83','2018-10-18 12:43:20'),
('84','84','84','1993-11-17 19:25:54'),
('85','85','85','1977-11-27 19:15:57'),
('86','86','86','2017-11-26 18:57:15'),
('87','87','87','2004-08-10 12:38:28'),
('88','88','88','2012-09-09 23:54:11'),
('89','89','89','2006-05-18 06:43:02'),
('90','90','90','1990-02-05 15:20:22'),
('91','91','91','1993-01-16 17:59:25'),
('92','92','92','2019-04-06 02:44:38'),
('93','93','93','1976-02-24 19:45:22'),
('94','94','94','1995-04-13 01:39:26'),
('95','95','95','1995-12-02 05:48:19'),
('96','96','96','2011-08-28 21:03:23'),
('97','97','97','1970-07-16 09:09:11'),
('98','98','98','1984-10-22 10:30:49'),
('99','99','99','2003-09-24 05:09:36'),
('100','100','100','1977-06-29 14:58:58'); 


DROP TABLE IF EXISTS `media`;
CREATE TABLE `media` (
  `id` bigint(20) unsigned NOT NULL AUTO_INCREMENT,
  `media_type_id` bigint(20) unsigned NOT NULL,
  `user_id` bigint(20) unsigned NOT NULL,
  `body` text COLLATE utf8_unicode_ci DEFAULT NULL,
  `filename` varchar(255) COLLATE utf8_unicode_ci DEFAULT NULL,
  `size` int(11) DEFAULT NULL,
  `metadata` longtext CHARACTER SET utf8mb4 COLLATE utf8mb4_bin DEFAULT NULL,
  `created_at` datetime DEFAULT current_timestamp(),
  `updated_at` datetime DEFAULT current_timestamp() ON UPDATE current_timestamp(),
  PRIMARY KEY (`id`),
  KEY `user_id` (`user_id`),
  KEY `media_type_id` (`media_type_id`),
  CONSTRAINT `media_ibfk_1` FOREIGN KEY (`user_id`) REFERENCES `users` (`id`),
  CONSTRAINT `media_ibfk_2` FOREIGN KEY (`media_type_id`) REFERENCES `media_types` (`id`)
) ENGINE=InnoDB AUTO_INCREMENT=101 DEFAULT CHARSET=utf8 COLLATE=utf8_unicode_ci;

INSERT INTO `media` VALUES ('1','1','1','Voluptatem pariatur sed accusantium ut quisquam. Rerum sunt enim nostrum porro. Aliquid porro aut aperiam culpa qui omnis. Officia tenetur nihil dolores aspernatur aut tenetur amet.','minima','17251',NULL,'1979-02-02 22:06:35','2016-04-09 00:43:43'),
('2','2','2','Dolorem nisi rerum dolores molestiae. Ex repudiandae consequatur aperiam iure consectetur inventore ut. Dignissimos commodi dolorum quos recusandae velit quis.','veniam','302657813',NULL,'2006-09-19 04:03:20','1977-05-23 07:17:41'),
('3','3','3','Cum totam similique nesciunt facere. Distinctio vel et tempore a nihil sit qui. Culpa magnam ab animi eaque quae delectus.','debitis','3',NULL,'1992-07-20 23:36:04','1995-05-24 04:34:38'),
('4','4','4','A sint ut accusamus nisi amet voluptatum fugiat. Quos voluptas eius autem minima rerum qui. Optio deleniti illo perferendis cumque inventore. Nam itaque enim unde qui suscipit.','necessitatibus','6479',NULL,'2002-03-22 15:37:11','1973-11-05 16:30:10'),
('5','5','5','Delectus ratione itaque delectus error quis nostrum sint. Enim iusto ut dolor blanditiis omnis. Ratione eum incidunt ab quae itaque et aperiam.','magni','3958',NULL,'2015-10-06 23:50:27','1971-09-03 20:20:43'),
('6','6','6','Fugit odit et et consequatur. Consequatur ab quia qui distinctio et blanditiis officia. Doloremque ut non praesentium est. Optio consequuntur et rem aut. Consequuntur voluptatibus quia nisi enim est fuga aspernatur.','et','409685',NULL,'1981-07-02 13:19:44','2018-09-08 05:33:15'),
('7','7','7','In sit quo aspernatur voluptatem voluptatem. Magni atque dolorum dolorum aperiam. Aut sed error eligendi quisquam et ipsam.','et','3',NULL,'2004-04-20 19:33:37','2002-03-08 17:57:21'),
('8','8','8','Quos illum et molestiae placeat molestiae. Ipsa voluptatibus est sit veritatis reprehenderit. Eligendi aliquid neque dignissimos nisi. Quas odit voluptate doloremque numquam adipisci voluptas nulla.','dolores','496',NULL,'1992-03-03 08:57:30','1981-08-28 23:26:39'),
('9','9','9','Sint expedita sit quia rem. Aspernatur sit atque qui ut cum est rerum. Molestias alias delectus similique aliquid ut et debitis.','a','63457162',NULL,'1986-10-20 07:24:03','2018-05-12 18:52:47'),
('10','10','10','Doloribus reprehenderit vel accusantium cum. Quibusdam voluptatem doloribus et eaque itaque ipsam in. Ratione reiciendis consequuntur velit delectus. Et molestiae iusto laborum ea magni aut accusantium.','qui','93134964',NULL,'1984-06-29 22:48:03','1992-02-29 05:12:12'),
('11','1','11','Atque tenetur minus quo recusandae. Aut illum aliquam non illo voluptatem maxime amet perspiciatis. Expedita vitae ut quisquam eos. Quia dolores ducimus optio totam.','velit','6583640',NULL,'1985-10-31 18:53:51','2013-02-24 02:11:13'),
('12','2','12','Recusandae quos veritatis doloribus labore. Quo corrupti ullam repellendus odio consectetur incidunt qui. Aspernatur odio dignissimos at voluptatem.','voluptate','36132',NULL,'2019-02-20 08:22:16','2019-07-28 19:39:42'),
('13','3','13','Omnis doloribus sapiente distinctio repellat et. Nesciunt non totam ut molestiae a voluptatem. Qui ducimus sint animi tempore fuga beatae eum. Voluptatem voluptates nulla enim sunt ipsa.','reiciendis','90572619',NULL,'1985-05-07 16:32:25','1972-02-24 14:06:06'),
('14','4','14','Nihil aperiam officia nulla aspernatur. Beatae omnis quas porro ad. Quod numquam id pariatur natus possimus est quasi. Voluptatem inventore ut blanditiis magni. Commodi atque voluptas harum debitis corporis.','mollitia','28903',NULL,'1977-11-22 08:40:21','1983-04-22 10:56:48'),
('15','5','15','Quos neque excepturi unde fuga est inventore veniam. Eos error nihil veniam ab. Quasi dolore sit consequatur nobis repellat.','nulla','5910155',NULL,'2008-11-25 13:39:59','2010-06-16 23:08:31'),
('16','6','16','Voluptatem accusantium et dolorum. Sint est ut sed sint quia voluptatem. Quae sequi perspiciatis tempora culpa qui. Sed non ut est inventore corrupti ut libero.','esse','49495468',NULL,'1993-01-03 18:24:47','1996-10-07 05:30:26'),
('17','7','17','Fuga deleniti sit magnam amet aperiam ut asperiores. Omnis atque ut at itaque at.','est','362040951',NULL,'2013-11-16 06:00:21','2009-09-10 15:08:41'),
('18','8','18','Ducimus qui recusandae officia recusandae quaerat ut. Quaerat et laboriosam voluptates nesciunt rerum quos. Illum fugiat quam vero optio.','qui','0',NULL,'2005-10-12 17:31:55','1996-05-25 08:33:04'),
('19','9','19','Ea dicta a occaecati ipsa minus optio non beatae. Ullam ut tenetur repellat dignissimos necessitatibus quaerat doloribus. Ut harum voluptatem nihil sit qui natus nesciunt enim. Commodi et ut voluptate vitae.','quo','729720362',NULL,'1985-03-24 10:37:51','2011-02-06 03:02:28'),
('20','10','20','Repellat nemo non inventore quidem fugiat voluptas minima quis. At aut qui ea eligendi. Asperiores et sit quis eos sunt deleniti.','consequatur','0',NULL,'1975-10-13 18:14:35','1989-07-27 23:31:46'),
('21','1','21','Quae esse voluptatem dolores repudiandae accusamus molestiae. Natus iste cum ipsam quis quae. Est adipisci maiores aut quia.','et','0',NULL,'1990-04-07 14:18:19','2009-11-15 16:06:59'),
('22','2','22','Nobis nemo doloribus earum officia non. Expedita quidem dolores ut iusto ad veniam. Dicta quis non sint ab deserunt est similique. In voluptas ut sequi et quis reprehenderit quia dolorem.','quia','897295012',NULL,'1997-07-28 18:44:25','2011-09-02 20:35:52'),
('23','3','23','Culpa dolores et voluptate et ipsum. Accusantium molestiae consectetur veritatis architecto. Expedita nam itaque voluptates.','est','432',NULL,'1986-01-10 23:04:24','2003-07-22 08:43:50'),
('24','4','24','Omnis sunt autem voluptate. Quisquam nostrum dolores qui ut nihil est facere. Perferendis quia quaerat et sunt. Nostrum culpa atque dolor eaque aspernatur. Iure in est accusamus est veritatis cupiditate rerum.','est','2',NULL,'1982-04-20 16:05:04','1970-06-30 14:49:55'),
('25','5','25','Itaque fugit consectetur voluptatum qui. Illum libero perferendis praesentium tempore voluptatem a. Consectetur ut voluptatem possimus adipisci ut voluptatibus exercitationem.','vel','3928795',NULL,'2000-03-17 06:13:06','2007-11-21 19:09:19'),
('26','6','26','Facilis rerum provident quos omnis vel quod aspernatur. Ut eligendi fugiat impedit atque molestias nostrum quo. Delectus aut ex esse est alias aut. Et voluptatem et est nam et voluptatem aut.','delectus','47693211',NULL,'1989-05-11 00:10:48','1974-10-24 04:33:20'),
('27','7','27','Dolorem perspiciatis qui odit fuga commodi. Ratione rerum facilis qui et quaerat est magni. Qui modi dolorum ipsam velit et corporis iusto.','similique','260',NULL,'1970-09-20 14:43:58','2012-04-29 18:16:26'),
('28','8','28','Quae rerum repudiandae doloribus minus saepe corporis commodi. Incidunt accusamus non sapiente rem voluptas id. Et reprehenderit aspernatur delectus fugiat et. Neque aut consequatur sed qui totam iure. Accusantium rerum debitis blanditiis ut perferendis.','voluptas','93411363',NULL,'2014-04-24 03:59:51','2008-06-10 04:39:54'),
('29','9','29','Aut quae officia exercitationem aliquid sint eaque. Excepturi neque quia inventore inventore ipsam. Et quo doloremque praesentium nobis ut.','aliquid','0',NULL,'1987-11-03 03:30:26','1997-02-01 00:53:17'),
('30','10','30','Nihil odit maxime vitae mollitia. Cumque quas et ullam non et. Alias ea ipsam modi dolorum saepe.','fugiat','0',NULL,'2018-09-14 21:43:07','2019-11-17 02:34:15'),
('31','1','31','Deleniti illo temporibus rerum nam magni reprehenderit. Doloribus totam maiores necessitatibus iure quas. Architecto commodi quia velit. Qui id eum voluptate laboriosam aut modi.','eum','1591',NULL,'1994-11-28 03:34:11','2015-12-18 00:28:12'),
('32','2','32','Ratione praesentium laudantium aliquam exercitationem et tempore similique. Itaque perferendis ut quia et dolore. Sit quis et aspernatur asperiores eligendi ut vero.','quo','843482546',NULL,'1971-01-05 16:56:18','1981-03-07 02:35:06'),
('33','3','33','Ad occaecati laboriosam sit consequatur amet quos. Est aut cumque placeat voluptatem cumque at veniam quasi.','dolores','939073999',NULL,'1978-10-30 17:34:51','2006-07-07 11:45:15'),
('34','4','34','Iusto nesciunt aliquid quidem voluptatem possimus quidem provident. Dolorum sed non quaerat et delectus architecto assumenda et.','facere','616',NULL,'1971-05-21 01:00:35','1987-01-10 01:45:26'),
('35','5','35','Quibusdam asperiores officia necessitatibus voluptatem. Tempora neque eos occaecati dicta a quaerat. Molestiae excepturi a iste omnis.','distinctio','46132171',NULL,'1998-03-23 19:11:44','2007-04-17 12:12:56'),
('36','6','36','Alias dolor ut officia quia rerum voluptatem saepe. Dignissimos quia eos sit beatae. Dolorum quia est doloremque odio ut.','veritatis','0',NULL,'2005-03-18 23:09:47','1974-10-16 22:29:35'),
('37','7','37','Ratione ipsam sit quis consequatur nisi at. Nihil provident aut animi. Dolor deleniti dolorum ipsa mollitia alias est.','quia','8102582',NULL,'2008-07-31 19:47:17','1994-02-16 19:43:54'),
('38','8','38','Est labore aut non ratione fugiat qui. Rerum dolore id tempore dignissimos. Hic nam provident et est inventore consequatur. Reprehenderit veritatis temporibus qui praesentium est sunt.','explicabo','862211',NULL,'1993-06-10 11:34:23','2013-02-02 20:23:48'),
('39','9','39','Aut nulla dolores autem alias. Veritatis error est odio temporibus.','quia','544338',NULL,'2004-12-01 06:03:54','2005-12-09 20:25:11'),
('40','10','40','Accusantium sed delectus repellat veritatis aperiam. Fugit non quo aliquam odio dolorum vel. Aut beatae sed alias fugit. Quo cum eos ratione aut rerum dolor eum.','eos','879',NULL,'2014-03-05 14:12:23','2016-10-31 10:37:34'),
('41','1','41','Id cumque nesciunt repudiandae dolorem. Officiis ullam et esse consequatur vitae cupiditate id autem. Dicta dolor doloribus magni voluptas provident quia. Sed ipsa laborum explicabo doloribus.','qui','57992',NULL,'1993-12-08 02:21:02','2001-02-14 17:37:38'),
('42','2','42','Architecto veritatis dolores et pariatur itaque porro dolores. Dolorem autem molestiae quia inventore laboriosam repudiandae non. Qui molestias dolore non mollitia. Voluptatem ullam laboriosam voluptatem nihil repudiandae voluptas.','itaque','3253757',NULL,'2000-11-28 00:04:07','1998-12-17 05:56:05'),
('43','3','43','Dolores iste possimus est autem dignissimos aut aut. Et culpa rem repellat reprehenderit distinctio. Nihil ea sed quo in eveniet quo. Aut fuga reprehenderit vero ipsum velit officia.','illum','384853',NULL,'1993-07-26 05:08:53','1992-09-29 17:49:14'),
('44','4','44','Qui fuga rerum cumque impedit. Quas voluptatem quae aut molestias et temporibus est.','modi','6',NULL,'1986-02-28 02:42:34','1991-08-28 19:06:41'),
('45','5','45','Iure ipsum qui aliquam est non et. Adipisci quia sed totam sed consequatur rem qui. Cupiditate enim aut sapiente dignissimos autem. Illum nostrum est mollitia minima earum et in. Sunt facilis reprehenderit alias voluptate.','cum','3523',NULL,'1983-10-20 02:48:20','1981-08-05 01:37:44'),
('46','6','46','Sed unde maiores natus provident debitis. Et corporis velit labore blanditiis consequuntur numquam excepturi. Enim veritatis numquam nam ad. Iusto voluptatem et consequuntur rerum doloremque dolorem.','ipsum','7',NULL,'1992-03-26 23:15:43','1974-05-01 18:43:34'),
('47','7','47','Qui aut et magnam. Sit quod tempora voluptas unde optio ut. Labore est est qui ipsam eveniet fugit.','animi','523212565',NULL,'2010-03-02 07:02:59','2014-01-27 11:23:21'),
('48','8','48','Illo incidunt ea quam ut error consequuntur. Aspernatur neque dolorem sint animi dolores enim ratione voluptate. In consequatur accusantium maxime ducimus ipsa eaque dolores.','eligendi','23',NULL,'2016-08-23 06:33:30','2005-05-29 03:11:44'),
('49','9','49','Id fugit explicabo asperiores ut. Mollitia fuga illum officia et est expedita exercitationem. Velit et qui voluptate ut totam.','occaecati','62165199',NULL,'1981-09-24 21:16:36','2000-09-19 08:13:56'),
('50','10','50','Ut et non error ducimus dicta. Corporis voluptate numquam ex eum dicta eligendi quia. Quis ea assumenda quis sed et impedit. Omnis ab commodi dolore soluta perferendis magni placeat.','quia','98201',NULL,'1999-06-06 03:33:18','2007-02-05 00:11:02'),
('51','1','51','Autem id libero nemo odit ullam ut distinctio. Placeat nulla sapiente maiores modi quas. Rerum velit vel reprehenderit inventore. In architecto debitis voluptatem sit libero.','voluptas','519281',NULL,'2004-07-14 23:38:31','1984-04-02 04:51:41'),
('52','2','52','Sit aut at iusto ipsa vel. Dolores omnis esse maxime odit iusto. Nihil eos voluptatum est et et qui. Commodi amet tempore nulla magnam.','exercitationem','26827',NULL,'2008-01-19 12:26:45','2011-06-09 12:01:56'),
('53','3','53','Esse ad consequuntur officia molestias adipisci nihil porro quam. At voluptatum distinctio in odit aut nobis optio. Labore ad soluta saepe et voluptas esse.','nihil','696697',NULL,'1977-01-10 23:37:53','2004-04-13 09:03:07'),
('54','4','54','Porro praesentium nam voluptatibus incidunt earum minima. Quibusdam quibusdam est expedita voluptas sunt ex. Unde cum eaque iusto aliquid vero ipsum reprehenderit. Earum recusandae aspernatur animi sunt soluta.','aut','0',NULL,'2006-09-21 03:12:02','2014-07-03 11:03:38'),
('55','5','55','Temporibus qui deleniti consequatur pariatur et neque sunt. Fugiat eum consequatur nesciunt quis. Neque et dolorum eos repudiandae. Animi aut velit culpa id maxime quis est.','consequatur','2973085',NULL,'1995-07-31 13:33:50','1993-09-01 15:41:12'),
('56','6','56','Eos voluptas quas repellendus ratione rem molestiae non aliquam. Eos autem ratione eius consequatur. Beatae magni voluptatem quibusdam voluptatem.','in','0',NULL,'1989-02-18 22:30:12','1975-01-09 12:43:20'),
('57','7','57','Earum labore recusandae soluta ipsa sunt deleniti sint. Aut ut ut nobis distinctio. Voluptas quaerat nam iusto aut qui dignissimos quo.','quaerat','94181',NULL,'2002-05-22 04:53:43','1974-07-29 10:46:19'),
('58','8','58','Officia qui repellat voluptatibus maiores soluta nihil aliquid. Omnis laboriosam debitis odio quo ea. Illo cumque aut mollitia quia animi sunt voluptate. Eaque aliquam sequi a ut dolorem.','nesciunt','697740497',NULL,'2012-06-24 11:37:04','1991-08-22 14:50:29'),
('59','9','59','Laboriosam ad eum dolor nihil. Eum inventore non et velit animi nesciunt. Doloribus odit ut sit temporibus. Blanditiis cumque aut laudantium facilis ut corrupti alias et.','similique','6707',NULL,'1979-07-11 17:19:04','1970-03-27 10:31:21'),
('60','10','60','Sed placeat voluptatem et pariatur. Enim eius doloribus veritatis at est vel praesentium ut.','et','31165',NULL,'1989-06-24 10:06:16','1981-08-18 21:13:36'),
('61','1','61','Vero cumque deleniti sit enim quia omnis consequuntur. Aspernatur neque ducimus reprehenderit qui quis. Repellat officiis accusantium ea dolor unde rerum.','vel','151785',NULL,'2010-12-13 05:16:57','1993-08-07 17:01:51'),
('62','2','62','Dolor rerum harum perferendis dolorem et accusamus praesentium dolor. Facilis velit et expedita alias praesentium odit. Nobis rerum reiciendis illo qui consequatur eos ut dolores. Qui facere excepturi ab voluptatem qui eum quisquam vel.','unde','189431',NULL,'2017-03-30 12:04:19','2001-08-25 03:23:29'),
('63','3','63','Nihil enim repudiandae unde. Et suscipit cum est voluptatibus nihil facere.','qui','0',NULL,'1971-06-25 20:54:07','1984-06-10 02:42:33'),
('64','4','64','Ut vitae asperiores laudantium ut incidunt neque officiis. Occaecati omnis delectus dolores veniam ullam qui. Debitis inventore suscipit hic.','laborum','238961582',NULL,'2002-04-18 23:53:22','2015-09-18 15:41:01'),
('65','5','65','Atque quos corrupti enim quas laborum provident. Doloribus voluptates dolore possimus blanditiis adipisci. Voluptatibus optio asperiores iste placeat. Cupiditate necessitatibus non et minus qui molestiae sit. Sed aut labore omnis inventore eius.','quia','534591',NULL,'1982-01-01 06:13:26','1970-02-08 07:06:00'),
('66','6','66','Magnam minus laudantium voluptatem tempora repellendus. Et dolores inventore placeat accusantium deserunt eligendi. Fugiat consequuntur beatae voluptatem ullam odit ducimus voluptas.','at','737223846',NULL,'1980-08-04 09:54:44','2009-04-08 13:16:43'),
('67','7','67','Voluptates qui sapiente est quo. Consequatur velit sint exercitationem fugiat omnis quis quis. Rerum harum est aspernatur eius et dolor fuga et.','id','380106651',NULL,'1974-07-24 21:55:33','2001-07-27 00:31:15'),
('68','8','68','Corrupti eius molestias eaque fugiat ut tenetur cum. Quia impedit rerum consequuntur architecto. Quis debitis ea in eos temporibus dolor.','modi','621441197',NULL,'2017-05-02 01:26:54','1994-12-21 17:29:11'),
('69','9','69','Ipsa vitae numquam quisquam nemo vitae ratione. Aliquam perferendis odio reiciendis similique cumque sequi nam. Debitis culpa et occaecati voluptate eaque mollitia. Ipsam cumque deleniti voluptatum numquam.','velit','2364',NULL,'1993-12-08 08:21:08','2005-10-08 12:03:43'),
('70','10','70','Temporibus deleniti aliquid non voluptatem. Delectus temporibus reprehenderit eum aliquam amet. Velit ratione quo consectetur doloribus. Sed atque eius quam ea maxime et.','sapiente','48',NULL,'1978-01-10 22:51:36','1996-02-17 21:36:11'),
('71','1','71','Sint possimus dolores libero sunt. Quia ea dignissimos nihil labore ducimus. Ad accusantium voluptatem facilis aliquam sed eos animi. Et dolor repudiandae suscipit illo impedit maxime.','eligendi','134046439',NULL,'1977-06-25 23:55:13','2016-02-22 11:36:20'),
('72','2','72','Sapiente minima eveniet ut placeat. Ut voluptatum sit molestiae autem praesentium suscipit at. Sed sed quod nam aut aut laborum minus. Totam soluta voluptates molestiae sit quisquam. Eos minima doloribus aut architecto.','quia','6252',NULL,'1997-03-25 19:58:32','1970-07-06 12:01:12'),
('73','3','73','Est accusantium error temporibus accusamus in animi rerum. Optio vel exercitationem possimus. Necessitatibus suscipit et sit. Laborum enim enim voluptatem quisquam ducimus aspernatur enim.','rerum','4234947',NULL,'1984-09-29 06:04:28','2009-02-27 01:22:59'),
('74','4','74','Magni voluptas et occaecati delectus vel nemo quas. Nihil perspiciatis cum possimus nobis ratione maxime odit voluptate. Sapiente eius molestiae dolor sed. Ea reprehenderit esse sunt est repellendus fugiat enim. Ipsa minus rem minima a.','voluptatem','4398',NULL,'1998-08-26 17:56:56','1986-11-09 11:21:17'),
('75','5','75','Et illum quasi eum magnam magni repellendus eum. Quia ab ut perferendis reprehenderit rerum.','ipsam','652',NULL,'2015-09-12 06:03:10','2009-12-04 19:15:55'),
('76','6','76','Sed molestiae tempora aut ut qui. Enim nesciunt quo facilis ut dolores. Vel quia eveniet sit quasi distinctio alias quaerat. Culpa fugiat quidem optio autem quam. Libero tempore molestiae ratione id sed error tenetur.','quod','9381',NULL,'1972-12-21 07:34:45','2012-11-11 10:54:16'),
('77','7','77','Et quibusdam nemo soluta. Sint itaque cumque ut fugiat natus optio cupiditate.','aliquid','4383689',NULL,'2014-10-05 18:38:59','2018-12-10 23:47:20'),
('78','8','78','Laboriosam magni sunt velit aut qui architecto quia. Ad eum numquam assumenda eveniet in. Velit adipisci ea possimus nostrum minima.','et','354727690',NULL,'2009-09-23 03:38:05','1994-10-22 03:40:07'),
('79','9','79','Ipsa qui dignissimos et ipsum omnis officia. Sed maiores qui est culpa iste expedita sequi nobis. Et quas magnam fugit repellendus suscipit optio. Minima voluptas atque voluptatibus consequatur et accusamus est.','fuga','12',NULL,'2004-06-30 05:35:08','1980-05-24 15:19:45'),
('80','10','80','Nobis voluptates occaecati debitis et. Architecto et vel eveniet. Nam corrupti et aut qui. Autem et quis itaque mollitia inventore repellendus.','nihil','85955376',NULL,'1991-10-17 07:27:55','1983-06-18 11:22:42'),
('81','1','81','Soluta aliquam quae officia odio qui ab. Suscipit quod asperiores mollitia voluptatem et sunt ipsa. Ex illo sint nam dolor neque illum blanditiis. Sint eveniet natus ullam dolor soluta omnis.','optio','0',NULL,'2018-01-21 10:03:50','2019-05-09 04:39:19'),
('82','2','82','Velit nihil at quas dolor ut. Officia laudantium repellendus consequuntur in dolores optio. Et nisi debitis qui.','a','44649',NULL,'2004-09-30 03:26:11','2011-07-03 12:53:45'),
('83','3','83','Voluptates cumque magnam enim quidem. Vel dolores delectus dolore ab aut sed. Labore porro delectus quasi saepe illo expedita rerum veniam. Laboriosam molestiae molestias eos tempore eligendi.','ea','58932327',NULL,'2017-01-09 09:04:34','1992-10-31 22:39:32'),
('84','4','84','Maxime officia voluptatem nobis corporis. Quasi voluptatem temporibus quas perferendis quibusdam. Cum ut illum natus itaque officia sunt dolorem adipisci.','consequatur','6025',NULL,'2015-07-29 00:47:57','1985-12-09 10:58:25'),
('85','5','85','Quo adipisci fugiat vel suscipit aspernatur facilis distinctio. Quia consequatur qui aperiam reprehenderit consequatur. Alias aliquid iure eos vel quibusdam ipsa et.','rerum','19',NULL,'2010-03-27 23:17:55','1995-04-05 16:02:30'),
('86','6','86','Consequatur consectetur ea sed maiores. Illo saepe et ut reiciendis odit recusandae. Unde explicabo non temporibus sed. Omnis dolorem cum minima vel sunt hic.','totam','27933849',NULL,'1976-04-28 09:31:07','2013-10-09 10:08:00'),
('87','7','87','Ipsa sit esse cum voluptatum. Optio porro excepturi iure quisquam rerum. Alias cumque aperiam nulla nihil perspiciatis aut similique. Similique laboriosam voluptate ut quis illo odio.','nostrum','256863',NULL,'1985-10-27 03:56:08','1995-03-30 02:28:54'),
('88','8','88','Eum voluptatum enim praesentium cum qui ducimus. Illo odit numquam explicabo esse omnis architecto enim. Ea mollitia amet error et cum sapiente ut.','reiciendis','63',NULL,'2009-02-03 12:22:48','1977-08-07 05:32:33'),
('89','9','89','Harum facilis eaque voluptate impedit est ut et reprehenderit. Exercitationem voluptate soluta atque sint qui odio. Nostrum dicta sed quasi consequatur ducimus. Culpa ipsa nobis et distinctio modi.','dignissimos','4',NULL,'2017-04-12 18:31:21','1982-10-31 07:15:53'),
('90','10','90','Qui rem aut at sit et aliquam. Quos maxime quam maiores quam consequatur voluptatum. Aut accusantium magnam voluptas minus. Mollitia iste nihil debitis autem.','voluptatem','690',NULL,'2003-07-21 10:39:17','2005-01-16 10:29:59'),
('91','1','91','Sed impedit est et sunt maiores. Tempore ex soluta amet alias assumenda harum. Facilis occaecati cum temporibus quis et eum laboriosam sit.','nisi','660414756',NULL,'2012-08-18 21:58:56','2009-11-28 05:31:14'),
('92','2','92','Vel distinctio quasi ex alias. Eum voluptas unde sit velit quisquam facilis. Modi est suscipit quis explicabo perferendis. Amet accusamus libero voluptatem modi enim quas officia porro. Animi iure et voluptas qui vero sapiente quisquam.','esse','4072881',NULL,'2005-12-13 18:39:02','1994-04-03 04:19:13'),
('93','3','93','Sit provident ipsa ut delectus dolores quisquam ipsa. Est laboriosam ad quia suscipit veniam. Deserunt vitae facilis velit dolorem minus praesentium consectetur.','molestiae','7366',NULL,'2011-08-16 11:20:19','1986-10-20 07:14:43'),
('94','4','94','Reiciendis sint quam unde qui eos. Inventore sit culpa non dolores unde consectetur. Dicta blanditiis sunt accusamus animi. Veritatis consectetur ut quas qui iure ut ipsum accusamus.','autem','7786',NULL,'1974-06-12 05:08:10','2005-03-02 10:49:41'),
('95','5','95','Dolores quo dignissimos deserunt quisquam ut in blanditiis id. Quo molestiae adipisci necessitatibus est. Ex distinctio quam sunt.','doloribus','42',NULL,'2002-01-07 15:24:13','1984-01-21 20:01:47'),
('96','6','96','Quae labore nam corrupti voluptates ut et. Ducimus qui laborum et quia tempora. Incidunt enim molestiae et fugiat nisi.','qui','5887522',NULL,'1993-09-23 22:16:47','1972-11-16 23:25:35'),
('97','7','97','Exercitationem aliquam magni sunt inventore excepturi omnis quis. Esse sit tempora ex quia laudantium quaerat sint. Saepe rerum velit laborum numquam et assumenda.','dolores','2754',NULL,'2018-02-07 00:15:29','1991-10-20 14:39:26'),
('98','8','98','Necessitatibus quae suscipit ipsa in ratione non eligendi. Unde nostrum et tempore velit rerum explicabo ad quia. Alias voluptas fuga mollitia dignissimos optio velit voluptate.','quis','42476992',NULL,'1981-10-31 18:59:45','1971-11-18 19:51:04'),
('99','9','99','Ut reiciendis autem ipsa. Quia unde neque et eum voluptatem ea omnis amet. Asperiores aliquam quis illum vitae minima eius sapiente.','minus','464476111',NULL,'1977-07-31 12:24:26','2010-04-10 13:11:46'),
('100','10','100','Vero consectetur aut mollitia iusto non in culpa quia. Aut esse ullam qui omnis earum. Porro eos in iure officia beatae.','sed','851136522',NULL,'2011-02-20 07:02:11','2000-10-22 19:45:07'); 


DROP TABLE IF EXISTS `media_types`;
CREATE TABLE `media_types` (
  `id` bigint(20) unsigned NOT NULL AUTO_INCREMENT,
  `name` varchar(255) COLLATE utf8_unicode_ci DEFAULT NULL,
  `created_at` datetime DEFAULT current_timestamp(),
  `updated_at` datetime DEFAULT current_timestamp() ON UPDATE current_timestamp(),
  PRIMARY KEY (`id`)
) ENGINE=InnoDB AUTO_INCREMENT=11 DEFAULT CHARSET=utf8 COLLATE=utf8_unicode_ci;

INSERT INTO `media_types` VALUES ('1','consequatur','1990-08-26 14:31:47','1974-09-08 14:19:05'),
('2','dolor','2006-01-03 16:03:20','2016-10-22 04:11:25'),
('3','similique','1997-08-12 08:55:00','2008-05-05 15:38:18'),
('4','qui','1998-09-30 14:10:12','1999-09-18 06:39:05'),
('5','officiis','2002-12-30 00:08:25','2001-01-30 06:40:42'),
('6','odit','1992-11-20 11:46:16','1983-12-27 08:58:43'),
('7','enim','1972-06-25 10:10:37','1984-02-26 19:11:13'),
('8','voluptas','1987-04-19 09:41:45','1992-06-11 14:54:21'),
('9','non','1994-02-05 17:04:45','1973-10-13 22:54:58'),
('10','dignissimos','1988-08-19 07:24:37','2011-12-07 14:23:38'); 


DROP TABLE IF EXISTS `messages`;
CREATE TABLE `messages` (
  `id` bigint(20) unsigned NOT NULL AUTO_INCREMENT,
  `from_user_id` bigint(20) unsigned NOT NULL,
  `to_user_id` bigint(20) unsigned NOT NULL,
  `body` text COLLATE utf8_unicode_ci DEFAULT NULL,
  `created_at` datetime DEFAULT current_timestamp(),
  PRIMARY KEY (`id`),
  KEY `messages_from_user_id` (`from_user_id`),
  KEY `messages_to_user_id` (`to_user_id`),
  CONSTRAINT `messages_ibfk_1` FOREIGN KEY (`from_user_id`) REFERENCES `users` (`id`),
  CONSTRAINT `messages_ibfk_2` FOREIGN KEY (`to_user_id`) REFERENCES `users` (`id`)
) ENGINE=InnoDB AUTO_INCREMENT=101 DEFAULT CHARSET=utf8 COLLATE=utf8_unicode_ci;

INSERT INTO `messages` VALUES ('1','1','1','Nisi hic voluptatibus laborum cum omnis vero. Sit ut quis id dolorem quisquam. Dicta corrupti asperiores voluptatem unde non.','2014-07-25 14:51:00'),
('2','2','2','Voluptas impedit exercitationem atque tempora vero alias voluptas. Tempora nisi autem eaque officiis et hic. Earum fugit aut provident et aut quis quis omnis.','1970-01-02 18:34:39'),
('3','3','3','Sint est tempora eum natus omnis qui velit. A possimus aut quo vero magnam qui ut. Assumenda corporis iure nemo in non. Atque pariatur voluptatibus ipsam.','1978-05-30 00:27:22'),
('4','4','4','Dolorum a incidunt quidem exercitationem libero vitae. Molestiae perferendis distinctio quae dolorem qui. Deleniti officia modi suscipit aut necessitatibus.','2005-02-21 02:27:59'),
('5','5','5','Recusandae rerum perspiciatis inventore itaque. Odio distinctio dolorum quis officia omnis nam quisquam. Quos et ut qui. Explicabo assumenda voluptas omnis.','1988-02-07 08:17:29'),
('6','6','6','Inventore consequatur consequatur eligendi nostrum vitae pariatur. Autem enim in iure mollitia. Enim eveniet libero ea voluptatibus ullam.','1983-06-01 06:07:29'),
('7','7','7','Aut id nam consequuntur quae. Facere ducimus et a et ea sunt. Sint soluta dolor reiciendis labore laudantium fugiat repudiandae.','1990-02-05 10:30:59'),
('8','8','8','Qui harum in aperiam praesentium. Qui sed odio aut magnam beatae sit totam.','1975-05-22 13:44:34'),
('9','9','9','Rerum non ut quod iusto laboriosam voluptas labore. Nulla deserunt laudantium assumenda quo deserunt sit necessitatibus voluptatibus. Cumque pariatur consequatur ea excepturi a qui et. Magnam velit omnis voluptatem quibusdam quas. Eligendi occaecati nisi rerum fugit aliquid adipisci rerum.','1999-01-15 17:39:22'),
('10','10','10','Veritatis velit dolore sed qui quod aut. Magni unde saepe porro quia deleniti quibusdam rerum. Enim id eos quasi et magni.','1994-07-19 03:37:31'),
('11','11','11','Rerum minus deserunt aperiam error sint alias. Repellendus aperiam qui aliquid in est ab temporibus. Soluta iste aspernatur eius et.','1987-06-24 16:27:44'),
('12','12','12','Non et dicta voluptas laboriosam vitae dolores iste. Quae incidunt ut quia esse distinctio. Quos ducimus odio dolore quisquam quis.','2013-08-25 20:40:17'),
('13','13','13','Aut non placeat doloremque optio. Eius ea et consequatur et recusandae error nisi velit. Corrupti praesentium velit aut necessitatibus. Laudantium molestias nihil distinctio ducimus similique.','1990-09-02 13:48:56'),
('14','14','14','Sed id culpa nobis ullam id. Enim ut qui doloremque libero.','1980-02-10 09:34:23'),
('15','15','15','Aut sequi est officiis voluptatum qui rerum reiciendis laudantium. Minus ratione reprehenderit eligendi commodi dolore. Quis nesciunt enim quia nobis ut dolore sunt. Eius ut repellendus ut quam dolor.','1971-05-07 23:20:05'),
('16','16','16','Qui modi et illum consequuntur. Et sit culpa esse beatae. Quasi tenetur et doloribus reiciendis. Voluptas consequatur rem ex ducimus.','1992-02-27 11:28:40'),
('17','17','17','Consequuntur omnis aut sit nam sed aut est. Sed quis fugit omnis nam quaerat impedit. Esse ex eum veritatis non. Sequi sed dolorem dolores molestias in minus et debitis.','1974-12-16 00:04:32'),
('18','18','18','Itaque quidem dolore distinctio voluptates in velit voluptatibus. Non sequi inventore reiciendis ullam ad quod. Recusandae nihil facilis nobis ex voluptas consequatur occaecati. Accusamus nemo assumenda rerum quo deserunt voluptatem in quam.','1995-07-31 23:06:57'),
('19','19','19','Velit natus qui ea atque totam dolorum. Cum expedita repellat debitis quisquam quaerat quas provident. Voluptas illum at iusto sit voluptas itaque temporibus omnis.','1984-01-08 18:37:44'),
('20','20','20','Quasi autem voluptate quis unde distinctio earum. Est qui accusamus nisi nesciunt provident odio. Tempora facilis id numquam qui.','1998-08-29 01:03:29'),
('21','21','21','Temporibus possimus dolorum at natus aperiam magnam earum aliquam. Nisi tenetur facere explicabo consequuntur sapiente voluptatem eum. Pariatur dolorem est saepe labore eos aut.','1992-03-15 04:39:53'),
('22','22','22','Blanditiis voluptatum officiis distinctio et laboriosam et. Autem consequatur at et autem sit error corrupti laboriosam. Maiores ea adipisci eum ullam.','2016-10-11 15:43:12'),
('23','23','23','Velit quasi eum commodi eveniet rerum. Laboriosam aut sequi cumque eum consequuntur quo quae. Enim aut veritatis incidunt eligendi excepturi ipsa. Corporis ipsa voluptatum quisquam eos magni non. Ipsa est reprehenderit enim sed sunt.','1994-06-01 13:20:23'),
('24','24','24','Non voluptas praesentium ipsam eos neque temporibus harum earum. Laudantium molestiae est beatae impedit debitis aut eius. Rerum ea aut quibusdam ex. Quia qui laborum accusantium sint facere tempora voluptates.','1987-10-20 17:07:35'),
('25','25','25','Laboriosam dolor similique voluptatem cum. Molestiae quis sint omnis sunt enim laborum.','2015-11-16 09:43:58'),
('26','26','26','A et at eum quos est illo voluptatum. Aperiam minima mollitia qui distinctio qui. Laborum sint aut est officia quae laudantium exercitationem. Nihil non voluptatum qui quis porro ducimus neque.','2009-06-27 16:31:01'),
('27','27','27','Enim consectetur porro sint officiis at adipisci. Consequatur sequi a cupiditate dolorum odio modi.','1997-06-12 08:07:16'),
('28','28','28','Sint tempora facere modi. Sunt enim id non qui.','1978-07-09 07:33:00'),
('29','29','29','Illum debitis tenetur totam eveniet impedit. Nisi quis ducimus consectetur tenetur mollitia cumque repellat. Et similique neque iure corporis eos animi omnis.','1993-09-25 20:52:10'),
('30','30','30','Beatae sit occaecati et ut perspiciatis. Perspiciatis quia et ad nesciunt. Id eos doloremque sit minus. Sint repellendus nulla quia aut aut.','2009-01-01 20:37:46'),
('31','31','31','Maxime optio tempore sunt sit laborum. Quo ut nulla delectus aut dolores. Et nesciunt ut minus soluta et. Vitae qui aut nostrum voluptas.','2015-12-26 20:56:01'),
('32','32','32','Hic dicta voluptas vero recusandae voluptatem qui. Libero recusandae omnis ut voluptas quia quisquam architecto. Minus molestiae est omnis itaque. Iste aut aut tempore corporis.','2004-07-18 13:13:43'),
('33','33','33','Earum tempora omnis dignissimos cumque. Magni fuga sunt sit dignissimos commodi. Est omnis voluptatum dolorem atque illo dolores. Eius sint veritatis culpa rem aliquam quisquam. Mollitia ea velit labore omnis libero qui quia.','1991-09-25 20:16:52'),
('34','34','34','Error tempore ratione explicabo animi. Quis enim voluptas dolores quia omnis soluta praesentium. Ut id vel quis quasi. Rem ut numquam repellendus voluptate mollitia recusandae sapiente.','2007-06-20 10:42:50'),
('35','35','35','Porro eveniet esse eum quos et quae. Cum voluptas voluptate autem culpa debitis. Odio aut ut molestiae dolorum ullam ullam vel. Sit rerum ab dolor et facilis molestias culpa possimus.','1994-08-29 10:10:53'),
('36','36','36','In saepe optio unde voluptatibus. Iste eos et fugiat veritatis.','1998-01-25 19:10:15'),
('37','37','37','Provident vitae sint dolor quasi ex nihil. Vel voluptatem atque aut necessitatibus expedita temporibus quisquam. Corporis velit sed consequatur dolorem unde dicta sed.','1975-12-31 10:39:35'),
('38','38','38','Sint illum sint et necessitatibus. Praesentium eum quis eum eius necessitatibus qui. Sint omnis et explicabo earum. Aliquam omnis consequatur fugit molestiae quia iure atque.','2004-08-03 14:18:41'),
('39','39','39','Esse cupiditate beatae aspernatur tenetur nesciunt. Sint atque occaecati eveniet alias sit aut illo similique. Ratione officiis et molestiae dignissimos sed. Quam itaque iusto reprehenderit eum.','1998-07-30 23:48:45'),
('40','40','40','Cum nostrum aut non qui. Ex doloremque iusto quia excepturi assumenda eum. Rem sit occaecati nihil eaque veniam illum nihil. Nihil quod est fugit et.','2006-11-24 11:18:50'),
('41','41','41','Tempora necessitatibus est voluptatum. Adipisci enim tenetur fuga aut consequatur ut numquam. Nobis voluptatum est reprehenderit sit earum cumque. Fuga amet aut sint qui quo.','1977-08-11 20:38:59'),
('42','42','42','Qui aut incidunt iste quidem. Dolores vel minima et illo.','2002-09-03 09:37:44'),
('43','43','43','Ratione qui occaecati et quia consequatur hic. Ea fugiat voluptatum quia debitis ut vel. Nisi hic doloribus reprehenderit ad saepe quo. Nulla est asperiores voluptatem reiciendis magni.','2002-06-20 13:54:25'),
('44','44','44','Molestiae et aut officiis ullam est atque eos omnis. Ut ea in excepturi nobis veritatis. Enim consequatur laborum et recusandae.','1981-08-16 02:53:43'),
('45','45','45','Nesciunt dignissimos et maiores. Sint eum eum quo iusto. Qui qui eaque rerum aut.','1980-12-22 04:17:39'),
('46','46','46','Corrupti et nesciunt ea minima voluptates ut. Doloremque ut minus consequatur cum ut. Aut voluptas voluptatem dolorum consequatur adipisci cum. Quis possimus non nobis consequatur nam.','2013-01-07 20:07:53'),
('47','47','47','Aut sit aut sunt et facere. Recusandae ab ut quibusdam suscipit. Sit veniam fugit corporis aliquid culpa eveniet.','2016-06-06 06:24:25'),
('48','48','48','Omnis aliquam distinctio autem. Nulla dolorem recusandae in voluptatem et. Culpa temporibus quos ut nisi reiciendis ut facere. Quisquam repudiandae assumenda occaecati rem a et ullam. Et consequatur laborum rerum.','2012-05-05 22:36:01'),
('49','49','49','Quia saepe dolor et sint id. Et accusamus rerum ut placeat voluptatem autem quia. Officiis veniam rerum reiciendis et amet repellat. Nemo molestias rerum expedita quisquam.','1981-11-20 14:39:48'),
('50','50','50','Error rerum consequatur distinctio ad ratione quia minima. Voluptas et perferendis quo sed facilis et esse. Saepe consequuntur ipsam non praesentium qui non explicabo.','2012-09-25 09:09:34'),
('51','51','51','Consequatur nostrum veritatis quo vel velit excepturi sit. Sint assumenda in dolor explicabo. Occaecati dicta quia sapiente esse harum et quasi.','1983-04-20 07:33:39'),
('52','52','52','Perspiciatis alias eos alias accusamus iusto ea. Deleniti tempore et in autem earum modi. Aspernatur autem temporibus officiis non optio corporis. Et est architecto ratione tempora illo nisi.','1975-06-18 14:55:24'),
('53','53','53','Iste pariatur distinctio consequuntur fugit. Ut eius non ut amet. Nesciunt ut iusto perspiciatis quaerat. Velit deserunt sint distinctio assumenda enim.','2001-02-04 21:38:10'),
('54','54','54','Beatae delectus voluptatem dicta quidem. Ut quas dolorum nostrum minus deleniti labore aut. Est architecto corporis illo pariatur tempora.','1994-06-02 03:03:36'),
('55','55','55','Alias id exercitationem maiores dolorum. Dolore ut qui mollitia cupiditate quisquam accusamus aliquid. Rem vel provident reprehenderit autem iste vel. Odit accusantium quam enim consequatur excepturi officia modi.','2010-06-12 20:46:04'),
('56','56','56','Eos nihil et nihil accusamus perspiciatis fuga. Neque ut enim quisquam et. Et quia sapiente sit esse est.','1985-02-26 11:34:00'),
('57','57','57','Aspernatur provident vel neque est perferendis cupiditate cumque. Quis sequi quae doloremque. In sed voluptatum ut nobis deleniti ipsa et.','2011-07-15 12:32:53'),
('58','58','58','Fugit dolore id sed dolorem assumenda. Voluptas laudantium inventore et impedit. Nobis eligendi ut maiores qui accusamus natus. Distinctio beatae id aliquid quo et repellendus eum.','2005-06-22 18:27:45'),
('59','59','59','Aut ipsa velit consequuntur nostrum. Voluptas ipsam voluptas amet adipisci id eligendi perferendis. Laboriosam nesciunt aut commodi esse dolorem ipsum inventore.','2017-11-12 04:05:49'),
('60','60','60','Officiis vel libero quo qui eos. Non culpa asperiores et. Quaerat nihil sed quo ut quia vel minima distinctio.','1973-03-19 15:19:19'),
('61','61','61','Sapiente omnis quo ut sit laborum eveniet ex. Magni eius veniam nobis voluptate et vel enim laborum. Quaerat ut exercitationem doloribus. Ipsam consequuntur ut molestiae consequatur rerum.','1974-10-31 03:51:21'),
('62','62','62','Error et quos velit repudiandae ratione nulla. Aut eos eos et accusantium consectetur animi quis at. Labore nihil adipisci quas quod.','1985-01-01 10:35:22'),
('63','63','63','Repellendus dolor perspiciatis qui necessitatibus. Minima qui ipsum culpa dolorem.','1982-10-12 22:23:23'),
('64','64','64','Rerum sed sed non deserunt nobis aut. Praesentium saepe et eos praesentium voluptas. Commodi et repellat mollitia illum ut laborum.','1988-10-22 00:04:07'),
('65','65','65','Magni dolores dolores qui. Est fugit ut totam. Temporibus quam eius quibusdam veritatis cum ut repellat. Deleniti animi nobis laborum nemo incidunt omnis. Enim ipsum aut autem est quo occaecati sint provident.','1988-12-26 02:52:44'),
('66','66','66','Nobis expedita in veniam est ex laborum vel. Aut sed sit eius harum. Maiores eaque et impedit et repellat labore. Ut quas nam laudantium consectetur.','1986-02-14 19:21:18'),
('67','67','67','Assumenda et aut quos reiciendis aperiam. Cupiditate corrupti blanditiis voluptatum et sit. Facere impedit nostrum et architecto. Labore adipisci impedit rem voluptatibus.','2018-04-28 15:40:45'),
('68','68','68','Minima vitae dolorem vitae ut esse earum numquam. Vel et placeat tempora vel vero. Dolorem et eum quaerat placeat. Voluptatem veritatis molestias a minus mollitia.','2017-08-05 17:49:51'),
('69','69','69','Eum quis et eos et et est voluptatibus. Consequuntur corporis blanditiis qui eaque odit nisi tempora. Eveniet quia est optio sint omnis odit beatae.','1987-01-16 18:00:16'),
('70','70','70','Exercitationem minima et provident ad quibusdam suscipit fugiat. Itaque ut deserunt id eligendi nisi atque.','2000-08-20 18:30:43'),
('71','71','71','Unde explicabo est esse laborum sit sit. Hic ea nesciunt cupiditate.','1972-01-04 22:04:31'),
('72','72','72','Adipisci qui maiores ducimus dignissimos nihil. Esse sequi quis consequatur. Aperiam consectetur ab nulla accusamus quia. Amet quia et error vel aut provident.','1987-05-18 19:00:09'),
('73','73','73','Sit impedit ratione repellendus provident. Ipsum dolores cumque soluta occaecati consectetur dicta velit. Vel tempore itaque dolorem quibusdam qui maxime.','1984-03-26 03:39:59'),
('74','74','74','Adipisci nostrum quis nisi eligendi amet voluptatum. Odio nihil tempore nobis sit aut. Et consequatur occaecati atque voluptatem sint temporibus. Magni itaque fugiat corrupti suscipit.','2011-08-27 15:29:15'),
('75','75','75','Quo sint quos nam illo enim. In iusto facilis et asperiores quibusdam necessitatibus. Voluptatem perferendis et qui aliquid sunt minus. Pariatur adipisci velit ullam excepturi.','1981-04-18 07:19:35'),
('76','76','76','Quod aut sed fugit rerum saepe. Dolor eligendi cumque minus debitis accusantium dicta atque.','2011-05-31 23:22:53'),
('77','77','77','Fugiat perspiciatis expedita tenetur aut. Aperiam cumque recusandae rerum. Dignissimos exercitationem sequi voluptatibus dolor iure molestiae.','1996-04-24 06:12:49'),
('78','78','78','Officiis sed harum mollitia nihil tenetur esse. Nemo neque in iste laboriosam saepe qui. Repudiandae minus officia vel est labore qui assumenda dolore. Magni ea et sed consequatur dolorum sequi laboriosam.','1977-10-26 08:25:18'),
('79','79','79','Consequatur id voluptatibus adipisci dolorem dolores accusantium adipisci aut. Molestias numquam quam sequi soluta. Enim vel autem voluptatem magni ea nihil vel.','2013-02-13 21:31:10'),
('80','80','80','Fugiat vitae non et voluptas. Eveniet aliquam placeat ut aperiam. Expedita voluptate ut quod et consequuntur velit.','2006-04-03 23:55:54'),
('81','81','81','Quam ut hic amet voluptatem ad. Aliquid laboriosam eligendi quas a eum. Rerum voluptatibus dolorum quia quis omnis.','1976-04-30 22:17:42'),
('82','82','82','Mollitia impedit commodi culpa illum atque. Unde velit officiis labore aliquam dolores harum. Cumque minus iure iusto architecto non ratione soluta. Aspernatur soluta quaerat aliquid impedit sint velit qui est.','2018-01-18 03:37:45'),
('83','83','83','Autem ducimus quod tempore quaerat numquam similique. Rerum et qui et omnis ipsa molestiae. Dicta dolorem voluptas eos.','1979-06-27 12:10:40'),
('84','84','84','Dolorem ut dolore sed illum esse provident magni. Officiis tempore perspiciatis odit laboriosam est aperiam. Libero voluptas earum quis impedit occaecati officiis. Et iusto sunt at quam non.','1996-02-05 18:44:49'),
('85','85','85','Ut suscipit officia doloribus asperiores omnis inventore fugit. Nostrum reprehenderit non qui numquam est repellendus esse. Sunt ipsa et aperiam neque harum. Voluptas expedita sit possimus reprehenderit. Hic id libero quas aspernatur et.','1971-03-06 08:00:34'),
('86','86','86','Quas quia velit laudantium aut sint et. Sapiente non in delectus nesciunt beatae est illo. Et quis perferendis in perferendis at.','1974-04-29 06:40:30'),
('87','87','87','Dolorem reiciendis vero sit accusamus soluta ipsam cumque. Delectus quasi aut reprehenderit ipsam sit eum veritatis. Fugit vel culpa delectus.','2014-06-25 03:38:37'),
('88','88','88','Dolores ut ut et ipsa est voluptates. Earum consectetur nesciunt enim non non. Adipisci itaque perferendis nihil veritatis minus reiciendis omnis.','1973-12-10 03:41:23'),
('89','89','89','Ea et accusantium consequatur. Eaque sint iste facilis in odio ipsa et.','1995-10-17 16:40:19'),
('90','90','90','Dolor et molestiae quos corrupti in et. Voluptas et omnis tempora eum et expedita.','2004-10-09 16:48:34'),
('91','91','91','Doloribus alias autem laudantium reprehenderit ratione. Totam a commodi quo nemo et distinctio. Vel et ab sequi.','1976-08-12 00:34:55'),
('92','92','92','Quia eius recusandae perspiciatis nemo. Odit amet sed vero est optio non eum. Excepturi quod sit dolore eos quia.','1979-03-06 17:20:17'),
('93','93','93','Temporibus voluptatem provident possimus voluptas. Incidunt et est doloribus id tempora. Omnis aut voluptatem et.','2014-07-15 20:58:00'),
('94','94','94','Eum voluptatum aut vitae impedit unde aut accusantium. Tempore ut dolorum et. Sunt consequatur suscipit quis. Modi rem earum autem consectetur aspernatur enim facere dolor. Nihil qui excepturi quo provident voluptas.','2017-04-02 17:28:31'),
('95','95','95','Veritatis in quo error totam. Ut adipisci ut dolor ea suscipit esse ut. Voluptatem sit at ea vel earum qui error velit. Possimus quia totam ullam maxime sunt reiciendis.','2012-10-12 12:49:03'),
('96','96','96','Quibusdam qui voluptatem a qui dolores rerum reprehenderit. Quasi consequatur odit laudantium est aspernatur rem. Corporis ut non nihil quia autem debitis incidunt quasi. Amet vel aut reiciendis fuga in in soluta.','1982-06-22 08:18:42'),
('97','97','97','Earum officiis vitae dolor et asperiores nihil. Sint quis temporibus ipsam. Et dolores harum reprehenderit dicta sit. Aliquid dolorum quia ut laudantium aut earum illum et. Omnis odio ullam optio ea consequuntur non nisi aut.','1977-09-29 10:35:42'),
('98','98','98','Et ut facilis culpa laudantium. Vero esse id at libero quis magni libero nisi.','1974-06-22 15:25:19'),
('99','99','99','Voluptatibus aut reiciendis mollitia cumque ipsum in culpa. Iusto quis exercitationem ipsum tempora repellat minima aut. Quia qui at id porro consectetur quia.','1995-07-14 17:45:11'),
('100','100','100','Facere voluptatum et eaque consequatur quia sed. Maxime consectetur velit temporibus aut. Quia id deleniti et omnis non quia dolore. Corporis et laboriosam eius libero.','2019-09-23 16:03:52'); 


DROP TABLE IF EXISTS `photo_albums`;
CREATE TABLE `photo_albums` (
  `id` bigint(20) unsigned NOT NULL AUTO_INCREMENT,
  `name` varchar(255) COLLATE utf8_unicode_ci DEFAULT NULL,
  `user_id` bigint(20) unsigned DEFAULT NULL,
  PRIMARY KEY (`id`),
  UNIQUE KEY `id` (`id`),
  KEY `user_id` (`user_id`),
  CONSTRAINT `photo_albums_ibfk_1` FOREIGN KEY (`user_id`) REFERENCES `users` (`id`)
) ENGINE=InnoDB AUTO_INCREMENT=101 DEFAULT CHARSET=utf8 COLLATE=utf8_unicode_ci;

INSERT INTO `photo_albums` VALUES ('1','nihil','1'),
('2','vel','2'),
('3','animi','3'),
('4','enim','4'),
('5','reiciendis','5'),
('6','non','6'),
('7','quo','7'),
('8','distinctio','8'),
('9','fugit','9'),
('10','ut','10'),
('11','velit','11'),
('12','non','12'),
('13','id','13'),
('14','dolor','14'),
('15','repellendus','15'),
('16','voluptatum','16'),
('17','beatae','17'),
('18','est','18'),
('19','fugiat','19'),
('20','accusamus','20'),
('21','tenetur','21'),
('22','id','22'),
('23','quis','23'),
('24','blanditiis','24'),
('25','quisquam','25'),
('26','iure','26'),
('27','harum','27'),
('28','dicta','28'),
('29','dicta','29'),
('30','repellat','30'),
('31','ad','31'),
('32','dolor','32'),
('33','quaerat','33'),
('34','corporis','34'),
('35','id','35'),
('36','iusto','36'),
('37','impedit','37'),
('38','quos','38'),
('39','dignissimos','39'),
('40','quas','40'),
('41','ea','41'),
('42','debitis','42'),
('43','inventore','43'),
('44','eaque','44'),
('45','voluptatem','45'),
('46','quod','46'),
('47','dolor','47'),
('48','id','48'),
('49','expedita','49'),
('50','necessitatibus','50'),
('51','modi','51'),
('52','vel','52'),
('53','qui','53'),
('54','aspernatur','54'),
('55','rerum','55'),
('56','modi','56'),
('57','et','57'),
('58','aut','58'),
('59','aspernatur','59'),
('60','est','60'),
('61','odio','61'),
('62','aperiam','62'),
('63','illum','63'),
('64','sequi','64'),
('65','quas','65'),
('66','soluta','66'),
('67','esse','67'),
('68','nulla','68'),
('69','quibusdam','69'),
('70','modi','70'),
('71','omnis','71'),
('72','quasi','72'),
('73','sint','73'),
('74','ipsam','74'),
('75','dolorem','75'),
('76','vel','76'),
('77','in','77'),
('78','illum','78'),
('79','distinctio','79'),
('80','nulla','80'),
('81','reiciendis','81'),
('82','voluptas','82'),
('83','pariatur','83'),
('84','numquam','84'),
('85','et','85'),
('86','dolore','86'),
('87','nostrum','87'),
('88','et','88'),
('89','beatae','89'),
('90','velit','90'),
('91','sint','91'),
('92','labore','92'),
('93','labore','93'),
('94','id','94'),
('95','voluptatem','95'),
('96','fugit','96'),
('97','distinctio','97'),
('98','error','98'),
('99','veritatis','99'),
('100','repudiandae','100'); 


DROP TABLE IF EXISTS `photos`;
CREATE TABLE `photos` (
  `id` bigint(20) unsigned NOT NULL AUTO_INCREMENT,
  `album_id` bigint(20) unsigned NOT NULL,
  `media_id` bigint(20) unsigned NOT NULL,
  PRIMARY KEY (`id`),
  KEY `album_id` (`album_id`),
  KEY `media_id` (`media_id`),
  CONSTRAINT `photos_ibfk_1` FOREIGN KEY (`album_id`) REFERENCES `photo_albums` (`id`),
  CONSTRAINT `photos_ibfk_2` FOREIGN KEY (`media_id`) REFERENCES `media` (`id`)
) ENGINE=InnoDB AUTO_INCREMENT=101 DEFAULT CHARSET=utf8 COLLATE=utf8_unicode_ci;

INSERT INTO `photos` VALUES ('1','1','1'),
('2','2','2'),
('3','3','3'),
('4','4','4'),
('5','5','5'),
('6','6','6'),
('7','7','7'),
('8','8','8'),
('9','9','9'),
('10','10','10'),
('11','11','11'),
('12','12','12'),
('13','13','13'),
('14','14','14'),
('15','15','15'),
('16','16','16'),
('17','17','17'),
('18','18','18'),
('19','19','19'),
('20','20','20'),
('21','21','21'),
('22','22','22'),
('23','23','23'),
('24','24','24'),
('25','25','25'),
('26','26','26'),
('27','27','27'),
('28','28','28'),
('29','29','29'),
('30','30','30'),
('31','31','31'),
('32','32','32'),
('33','33','33'),
('34','34','34'),
('35','35','35'),
('36','36','36'),
('37','37','37'),
('38','38','38'),
('39','39','39'),
('40','40','40'),
('41','41','41'),
('42','42','42'),
('43','43','43'),
('44','44','44'),
('45','45','45'),
('46','46','46'),
('47','47','47'),
('48','48','48'),
('49','49','49'),
('50','50','50'),
('51','51','51'),
('52','52','52'),
('53','53','53'),
('54','54','54'),
('55','55','55'),
('56','56','56'),
('57','57','57'),
('58','58','58'),
('59','59','59'),
('60','60','60'),
('61','61','61'),
('62','62','62'),
('63','63','63'),
('64','64','64'),
('65','65','65'),
('66','66','66'),
('67','67','67'),
('68','68','68'),
('69','69','69'),
('70','70','70'),
('71','71','71'),
('72','72','72'),
('73','73','73'),
('74','74','74'),
('75','75','75'),
('76','76','76'),
('77','77','77'),
('78','78','78'),
('79','79','79'),
('80','80','80'),
('81','81','81'),
('82','82','82'),
('83','83','83'),
('84','84','84'),
('85','85','85'),
('86','86','86'),
('87','87','87'),
('88','88','88'),
('89','89','89'),
('90','90','90'),
('91','91','91'),
('92','92','92'),
('93','93','93'),
('94','94','94'),
('95','95','95'),
('96','96','96'),
('97','97','97'),
('98','98','98'),
('99','99','99'),
('100','100','100'); 


DROP TABLE IF EXISTS `profiles`;
CREATE TABLE `profiles` (
  `user_id` bigint(20) unsigned NOT NULL AUTO_INCREMENT,
  `gender` char(1) COLLATE utf8_unicode_ci DEFAULT NULL,
  `birthday` date DEFAULT NULL,
  `photo_id` bigint(20) unsigned DEFAULT NULL,
  `created_at` datetime DEFAULT current_timestamp(),
  `hometown` varchar(100) COLLATE utf8_unicode_ci DEFAULT NULL,
  PRIMARY KEY (`user_id`),
  CONSTRAINT `profiles_ibfk_1` FOREIGN KEY (`user_id`) REFERENCES `users` (`id`) ON UPDATE CASCADE
) ENGINE=InnoDB AUTO_INCREMENT=101 DEFAULT CHARSET=utf8 COLLATE=utf8_unicode_ci;

INSERT INTO `profiles` VALUES ('1',NULL,'1993-04-15','1','1974-03-03 03:54:07',NULL),
('2',NULL,'1976-01-23','2','1992-12-27 08:27:50',NULL),
('3',NULL,'2015-12-12','3','1996-07-02 15:29:40',NULL),
('4',NULL,'2007-11-30','4','2005-02-14 17:27:57',NULL),
('5',NULL,'2005-09-16','5','2009-06-06 19:16:32',NULL),
('6',NULL,'2011-09-01','6','1976-04-20 17:00:54',NULL),
('7',NULL,'2011-09-20','7','2019-01-13 04:18:12',NULL),
('8',NULL,'1985-12-19','8','1981-01-28 22:58:43',NULL),
('9',NULL,'1999-02-08','9','2009-01-17 23:23:58',NULL),
('10',NULL,'1997-07-21','10','1991-09-25 09:00:06',NULL),
('11',NULL,'2015-05-12','11','2017-08-01 13:20:59',NULL),
('12',NULL,'1997-01-22','12','1981-12-16 04:26:21',NULL),
('13',NULL,'2013-01-25','13','1985-12-12 09:08:07',NULL),
('14',NULL,'1999-08-11','14','2005-09-21 16:15:46',NULL),
('15',NULL,'1980-07-19','15','1982-07-20 17:21:53',NULL),
('16',NULL,'2013-07-07','16','2009-10-12 20:11:42',NULL),
('17',NULL,'1979-07-28','17','1982-12-14 18:22:06',NULL),
('18',NULL,'1996-01-23','18','1972-04-05 23:14:24',NULL),
('19',NULL,'1977-11-16','19','1979-01-10 04:52:06',NULL),
('20',NULL,'1973-05-29','20','1970-04-21 17:53:56',NULL),
('21',NULL,'1989-03-28','21','2007-09-16 00:20:40',NULL),
('22',NULL,'1971-08-03','22','1988-04-02 19:50:16',NULL),
('23',NULL,'1992-06-28','23','2017-02-26 14:27:24',NULL),
('24',NULL,'2007-05-05','24','2007-02-19 20:15:18',NULL),
('25',NULL,'1970-02-24','25','2014-01-07 01:47:13',NULL),
('26',NULL,'1992-05-21','26','2015-12-15 05:31:40',NULL),
('27',NULL,'2011-06-30','27','1986-04-08 03:18:11',NULL),
('28',NULL,'1979-07-20','28','2010-07-29 14:12:48',NULL),
('29',NULL,'1981-04-30','29','1971-05-24 03:31:46',NULL),
('30',NULL,'2015-03-01','30','1999-04-05 04:44:41',NULL),
('31',NULL,'1993-01-07','31','2018-11-03 08:11:51',NULL),
('32',NULL,'1980-03-07','32','1985-05-27 17:58:17',NULL),
('33',NULL,'2008-05-27','33','2019-05-28 19:50:08',NULL),
('34',NULL,'1992-08-13','34','1971-05-15 04:20:30',NULL),
('35',NULL,'2010-03-15','35','1984-10-16 03:46:10',NULL),
('36',NULL,'1997-08-28','36','1989-07-18 09:14:32',NULL),
('37',NULL,'1986-10-24','37','1982-10-16 01:01:57',NULL),
('38',NULL,'2016-10-10','38','2004-04-20 13:38:20',NULL),
('39',NULL,'1999-02-26','39','1983-06-21 06:59:48',NULL),
('40',NULL,'2000-11-09','40','1996-07-22 14:17:03',NULL),
('41',NULL,'2007-01-09','41','2012-07-15 11:26:33',NULL),
('42',NULL,'1999-09-28','42','1981-09-27 04:42:32',NULL),
('43',NULL,'2011-09-18','43','2018-09-01 03:52:44',NULL),
('44',NULL,'1972-09-17','44','1977-08-12 15:02:46',NULL),
('45',NULL,'1992-10-10','45','2005-02-18 08:35:05',NULL),
('46',NULL,'1985-04-21','46','1983-09-10 06:32:34',NULL),
('47',NULL,'2001-01-16','47','2016-10-21 16:21:35',NULL),
('48',NULL,'1988-10-06','48','2002-06-07 17:50:30',NULL),
('49',NULL,'1991-06-01','49','1999-02-17 12:17:49',NULL),
('50',NULL,'1976-04-03','50','1999-12-14 18:20:59',NULL),
('51',NULL,'1977-02-09','51','2015-12-04 02:21:00',NULL),
('52',NULL,'1987-09-12','52','1974-01-08 06:23:13',NULL),
('53',NULL,'2013-03-23','53','1981-09-13 14:33:53',NULL),
('54',NULL,'1998-04-15','54','1970-05-08 07:10:25',NULL),
('55',NULL,'1975-01-18','55','2011-08-05 20:29:22',NULL),
('56',NULL,'1995-09-12','56','1983-02-18 04:08:17',NULL),
('57',NULL,'2010-12-08','57','1978-06-22 07:48:57',NULL),
('58',NULL,'1991-07-23','58','1982-05-14 11:12:50',NULL),
('59',NULL,'1990-08-20','59','1989-03-04 16:42:48',NULL),
('60',NULL,'1983-08-20','60','2014-03-06 19:41:52',NULL),
('61',NULL,'1986-02-16','61','1977-11-09 19:11:54',NULL),
('62',NULL,'1988-06-20','62','2004-07-20 15:48:05',NULL),
('63',NULL,'1979-05-13','63','1974-05-09 17:21:21',NULL),
('64',NULL,'1974-11-20','64','1979-01-17 01:54:43',NULL),
('65',NULL,'1977-10-29','65','1970-02-08 00:42:57',NULL),
('66',NULL,'1991-03-28','66','1991-07-14 05:56:16',NULL),
('67',NULL,'2010-03-04','67','1992-09-14 06:12:15',NULL),
('68',NULL,'1988-12-14','68','2011-02-27 07:02:46',NULL),
('69',NULL,'1980-05-07','69','2015-01-21 02:53:21',NULL),
('70',NULL,'2017-10-03','70','2006-11-22 19:06:05',NULL),
('71',NULL,'2015-11-11','71','1974-01-06 02:32:45',NULL),
('72',NULL,'2006-11-15','72','1972-11-08 07:30:04',NULL),
('73',NULL,'1996-04-05','73','2016-09-16 18:47:59',NULL),
('74',NULL,'2019-01-29','74','1992-06-04 00:41:06',NULL),
('75',NULL,'2002-02-26','75','1995-08-08 11:24:51',NULL),
('76',NULL,'2008-02-20','76','1984-10-24 08:32:41',NULL),
('77',NULL,'1975-06-12','77','1970-12-26 11:22:44',NULL),
('78',NULL,'2002-01-15','78','1988-03-24 02:57:48',NULL),
('79',NULL,'2006-11-22','79','2008-07-08 22:20:07',NULL),
('80',NULL,'2005-04-07','80','2002-10-06 06:50:45',NULL),
('81',NULL,'1982-08-12','81','1971-02-28 20:20:13',NULL),
('82',NULL,'1993-08-26','82','1986-07-28 13:28:03',NULL),
('83',NULL,'2012-12-01','83','1995-01-20 16:36:58',NULL),
('84',NULL,'2013-10-20','84','1972-01-06 12:20:44',NULL),
('85',NULL,'1999-05-31','85','1993-03-02 17:36:27',NULL),
('86',NULL,'1974-07-15','86','2005-10-01 14:13:03',NULL),
('87',NULL,'1999-03-29','87','1997-11-07 12:17:27',NULL),
('88',NULL,'1992-05-19','88','2012-06-19 15:44:43',NULL),
('89',NULL,'1981-06-02','89','1988-06-20 05:38:55',NULL),
('90',NULL,'1984-07-04','90','1996-06-13 16:17:20',NULL),
('91',NULL,'2016-08-13','91','2018-10-19 01:29:12',NULL),
('92',NULL,'1981-09-26','92','1993-12-18 14:55:06',NULL),
('93',NULL,'2016-11-30','93','2016-05-25 06:24:47',NULL),
('94',NULL,'2000-02-03','94','2017-01-11 07:16:03',NULL),
('95',NULL,'1998-01-21','95','2008-10-24 14:40:38',NULL),
('96',NULL,'2015-01-03','96','1984-04-09 18:59:13',NULL),
('97',NULL,'2017-07-21','97','1986-09-15 07:52:51',NULL),
('98',NULL,'1986-07-12','98','2000-06-02 07:21:36',NULL),
('99',NULL,'2006-03-28','99','1974-05-08 21:02:09',NULL),
('100',NULL,'1982-07-25','100','2019-01-28 21:04:52',NULL); 


DROP TABLE IF EXISTS `users`;
CREATE TABLE `users` (
  `id` bigint(20) unsigned NOT NULL AUTO_INCREMENT,
  `firstname` varchar(50) COLLATE utf8_unicode_ci DEFAULT NULL,
  `lastname` varchar(50) COLLATE utf8_unicode_ci DEFAULT NULL COMMENT '??????',
  `email` varchar(120) COLLATE utf8_unicode_ci DEFAULT NULL,
  `phone` bigint(20) DEFAULT NULL,
  PRIMARY KEY (`id`),
  UNIQUE KEY `email` (`email`),
  KEY `users_phone_idx` (`phone`),
  KEY `users_firstname_lastname_idx` (`firstname`,`lastname`)
) ENGINE=InnoDB AUTO_INCREMENT=101 DEFAULT CHARSET=utf8 COLLATE=utf8_unicode_ci;

INSERT INTO `users` VALUES ('1','Thaddeus','Heaney','bernier.domingo@example.org','786'),
('2','Bertha','Runolfsdottir','o\'conner.edgar@example.net','193030'),
('3','Virgie','Thompson','jalyn.breitenberg@example.net','1'),
('4','Alysa','Ullrich','hilma21@example.net','849'),
('5','Kira','Hackett','trinity.bernier@example.net','1'),
('6','Cleve','Schimmel','joannie.rogahn@example.org','243'),
('7','Cortez','Ziemann','maybell32@example.com','434'),
('8','Anissa','Ankunding','eliezer28@example.org','0'),
('9','Nya','Weissnat','bailey.neva@example.net','466445'),
('10','Deja','Kunde','vincent.heathcote@example.com','548'),
('11','Wilhelm','Kling','dgleason@example.net','5120209925'),
('12','Nyah','Wiza','pietro09@example.com','163'),
('13','Gardner','Roberts','marley.thiel@example.org','1'),
('14','Samanta','Turcotte','emile97@example.net','1'),
('15','Katelynn','Conroy','era35@example.com','1'),
('16','Renee','Veum','schumm.keshaun@example.com','86'),
('17','Enos','Quigley','koelpin.kennedi@example.com','8'),
('18','Raphael','Corkery','yoshiko.zemlak@example.com','0'),
('19','Arlene','Turcotte','slowe@example.com','702'),
('20','Hilda','Grant','zgoyette@example.net','695147'),
('21','Juana','Erdman','josephine.thiel@example.net','375'),
('22','Elyssa','Spinka','darion89@example.org','47'),
('23','Selmer','Wilderman','rosalinda80@example.com','422'),
('24','Jesse','Moore','ursula.jacobi@example.net','0'),
('25','Helena','White','dario48@example.com','836155'),
('26','Skye','Price','lucy.senger@example.net','9231645425'),
('27','Julie','Wuckert','edenesik@example.org','1'),
('28','Angelina','Volkman','carmella16@example.org','7116056075'),
('29','Modesta','Zboncak','lilliana57@example.net','447545'),
('30','Marcos','Hessel','alakin@example.com','1'),
('31','Marc','Robel','fmedhurst@example.org','482915'),
('32','Ebony','McCullough','schumm.henry@example.com','0'),
('33','Tommie','Leuschke','lgorczany@example.com','1'),
('34','Stephany','Spinka','littel.maureen@example.org','374'),
('35','Roman','Littel','aliya.barrows@example.org','636147739'),
('36','Gunnar','Bins','kjast@example.org','259'),
('37','Rod','Renner','verner.metz@example.net','692493'),
('38','Jamison','Armstrong','kborer@example.org','1'),
('39','Ines','Rohan','umiller@example.org','842747'),
('40','Tyrel','Okuneva','esteban.zemlak@example.net','349332'),
('41','Cloyd','Bayer','wilmer61@example.net','1'),
('42','Enrique','Parker','chester98@example.com','0'),
('43','Cecile','Gutmann','jcarter@example.com','1'),
('44','Malvina','Upton','dawn83@example.org','89'),
('45','Zaria','Champlin','cpadberg@example.org','60'),
('46','Jalen','Considine','mluettgen@example.com','126069'),
('47','Alexzander','Reynolds','ed.moen@example.org','0'),
('48','Josie','Kulas','wwaters@example.com','7073840884'),
('49','Lavon','Mitchell','garett86@example.com','1'),
('50','Maryjane','Bernier','hammes.danial@example.com','0'),
('51','Cierra','Strosin','jamir45@example.com','1'),
('52','Aurelio','Waters','zstreich@example.net','84'),
('53','Lonnie','McClure','kaylah.sporer@example.net','0'),
('54','Else','Gusikowski','dayne65@example.org','1'),
('55','Cloyd','Hudson','kitty.skiles@example.com','30'),
('56','Barney','Pfeffer','oboyle@example.com','490416'),
('57','Gwen','Corwin','lane03@example.com','1'),
('58','Raegan','Jaskolski','carlo.lowe@example.net','692179'),
('59','Gerda','Schultz','elsa.robel@example.com','19'),
('60','Maxwell','Wyman','madisyn59@example.org','1'),
('61','Lisandro','Connelly','ffisher@example.com','0'),
('62','Deshaun','Stiedemann','mia90@example.com','489701'),
('63','Genoveva','Bruen','hilll.berniece@example.com','694310'),
('64','Jabari','Larson','omayert@example.net','1'),
('65','Enos','Rodriguez','jlarkin@example.org','1'),
('66','Kendrick','Borer','breanna.bechtelar@example.org','3510923996'),
('67','Jasmin','Daniel','greenholt.orlo@example.org','45'),
('68','Ashley','Dach','kohler.pearl@example.net','0'),
('69','Adam','Gutkowski','hoyt48@example.net','914651'),
('70','Ned','Nolan','linnie39@example.net','332'),
('71','Karli','Larson','wilderman.reymundo@example.net','1'),
('72','Stephon','Kling','devin.cruickshank@example.net','992496'),
('73','Madelynn','Mante','athena.hermiston@example.org','0'),
('74','Titus','Runolfsdottir','rmann@example.net','183675'),
('75','Jasper','Steuber','brooklyn.hartmann@example.org','74'),
('76','Marcus','Bins','dejah15@example.net','174'),
('77','Harry','Borer','tluettgen@example.com','1'),
('78','Blaise','O\'Reilly','hvandervort@example.com','1490010742'),
('79','Danika','Mertz','roma58@example.org','660867'),
('80','Noelia','Collins','marco.ward@example.net','6'),
('81','Harold','Connelly','carissa.kris@example.net','349473'),
('82','Muriel','Durgan','greenfelder.elliot@example.com','965914'),
('83','Major','Pfannerstill','bernier.kaitlyn@example.com','8518323119'),
('84','Lucienne','Swaniawski','marco95@example.net','1'),
('85','Laron','Reynolds','bogan.leila@example.com','0'),
('86','Michale','Flatley','emelie67@example.com','412663'),
('87','Cathryn','McLaughlin','gmarks@example.net','31'),
('88','Ophelia','Connelly','wiley04@example.net','0'),
('89','Virgie','Pfannerstill','aaron.bernhard@example.com','144'),
('90','Brook','Nader','ferry.marvin@example.com','949'),
('91','Rubie','Johnson','gaston.beahan@example.net','198'),
('92','Rose','Dare','aisha.beatty@example.org','1'),
('93','Alec','Streich','ramon.johns@example.net','0'),
('94','Gia','Deckow','satterfield.tobin@example.org','1'),
('95','Durward','Murphy','kiel.jast@example.net','14'),
('96','Mafalda','Reichel','remington.gorczany@example.org','0'),
('97','Duncan','Runte','benedict18@example.com','225842'),
('98','Karlee','Wolff','sterling.harber@example.com','131610'),
('99','Mohamed','Kuphal','west.willy@example.com','0'),
('100','Cedrick','Bechtelar','kirlin.bert@example.com','671951'); 


DROP TABLE IF EXISTS `users_communities`;
CREATE TABLE `users_communities` (
  `user_id` bigint(20) unsigned NOT NULL,
  `community_id` bigint(20) unsigned NOT NULL,
  PRIMARY KEY (`user_id`,`community_id`),
  KEY `community_id` (`community_id`),
  CONSTRAINT `users_communities_ibfk_1` FOREIGN KEY (`user_id`) REFERENCES `users` (`id`),
  CONSTRAINT `users_communities_ibfk_2` FOREIGN KEY (`community_id`) REFERENCES `communities` (`id`)
) ENGINE=InnoDB DEFAULT CHARSET=utf8 COLLATE=utf8_unicode_ci;

INSERT INTO `users_communities` VALUES ('1','1'),
('2','2'),
('3','3'),
('4','4'),
('5','5'),
('6','6'),
('7','7'),
('8','8'),
('9','9'),
('10','10'),
('11','11'),
('12','12'),
('13','13'),
('14','14'),
('15','15'),
('16','16'),
('17','17'),
('18','18'),
('19','19'),
('20','20'),
('21','21'),
('22','22'),
('23','23'),
('24','24'),
('25','25'),
('26','26'),
('27','27'),
('28','28'),
('29','29'),
('30','30'),
('31','31'),
('32','32'),
('33','33'),
('34','34'),
('35','35'),
('36','36'),
('37','37'),
('38','38'),
('39','39'),
('40','40'),
('41','41'),
('42','42'),
('43','43'),
('44','44'),
('45','45'),
('46','46'),
('47','47'),
('48','48'),
('49','49'),
('50','50'),
('51','51'),
('52','52'),
('53','53'),
('54','54'),
('55','55'),
('56','56'),
('57','57'),
('58','58'),
('59','59'),
('60','60'),
('61','61'),
('62','62'),
('63','63'),
('64','64'),
('65','65'),
('66','66'),
('67','67'),
('68','68'),
('69','69'),
('70','70'),
('71','71'),
('72','72'),
('73','73'),
('74','74'),
('75','75'),
('76','76'),
('77','77'),
('78','78'),
('79','79'),
('80','80'),
('81','81'),
('82','82'),
('83','83'),
('84','84'),
('85','85'),
('86','86'),
('87','87'),
('88','88'),
('89','89'),
('90','90'),
('91','91'),
('92','92'),
('93','93'),
('94','94'),
('95','95'),
('96','96'),
('97','97'),
('98','98'),
('99','99'),
('100','100'); 




/*!40101 SET SQL_MODE=@OLD_SQL_MODE */;
/*!40014 SET FOREIGN_KEY_CHECKS=@OLD_FOREIGN_KEY_CHECKS */;
/*!40014 SET UNIQUE_CHECKS=@OLD_UNIQUE_CHECKS */;
/*!40101 SET CHARACTER_SET_CLIENT=@OLD_CHARACTER_SET_CLIENT */;
/*!40101 SET CHARACTER_SET_RESULTS=@OLD_CHARACTER_SET_RESULTS */;
/*!40101 SET COLLATION_CONNECTION=@OLD_COLLATION_CONNECTION */;
/*!40111 SET SQL_NOTES=@OLD_SQL_NOTES */;

